{
    "runtime": 570.9782929000066,
    "plots": 36,
    "corrected": 3,
    "flagged": 33,
    "mean confidence": 0.29360457961873765,
    "mean improvement": 0.07992367798517737
}