{
    "runtime": 23489.77014039998,
    "plots": 2457,
    "corrected": 1495,
    "flagged": 962,
    "mean confidence": 0.2724396004866123,
    "mean improvement": 0.06760945510071653
}